,Symbol,Accuracy,Precision,Recall,ROC Score
0,RELIANCE,0.96,0.67,1.0,0.98
1,TCS,0.96,0.82,0.93,0.95
2,HDFCBANK,0.92,0.59,0.91,0.92
3,ICICIBANK,0.96,0.6,1.0,0.98
4,INFY,0.95,0.79,0.97,0.96
5,SBIN,0.98,0.91,0.97,0.97
6,BHARTIARTL,0.92,0.75,0.95,0.93
7,LICI,0.86,0.69,0.84,0.85
8,HINDUNILVR,0.97,0.75,1.0,0.98
9,ITC,0.99,0.81,1.0,0.99
10,LT,0.95,0.75,0.88,0.92
11,HCLTECH,0.96,0.79,1.0,0.97
12,BAJFINANCE,0.94,0.72,0.88,0.92
13,ADANIENT,0.95,0.91,0.82,0.9
14,SUNPHARMA,0.95,0.77,0.88,0.92
15,ONGC,0.93,0.75,0.98,0.95
16,MARUTI,0.95,0.74,0.96,0.96
17,KOTAKBANK,0.98,0.67,0.86,0.92
18,AXISBANK,0.99,0.87,0.93,0.96
19,NTPC,0.9,0.85,0.71,0.84
20,TITAN,0.95,0.64,1.0,0.97
21,TATAMOTORS,0.98,1.0,0.89,0.95
22,ADANIGREEN,0.94,0.91,0.83,0.9
23,COALINDIA,0.94,0.91,0.78,0.88
24,ASIANPAINT,0.98,0.8,0.8,0.89
25,ULTRACEMCO,0.95,0.74,1.0,0.97
26,ADANIPORTS,0.95,0.88,0.91,0.94
27,WIPRO,0.95,0.88,0.91,0.94
28,IOC,0.95,0.89,0.83,0.9
29,POWERGRID,0.95,0.82,0.98,0.96
30,BAJAJFINSV,0.99,0.9,1.0,0.99
31,DMART,0.96,0.82,0.88,0.93
32,BAJAJ-AUTO,0.86,0.76,0.74,0.83
33,M&M,0.96,0.87,0.96,0.96
34,ADANIPOWER,0.96,0.92,0.88,0.93
35,DLF,0.79,0.53,0.83,0.8
36,IRFC,0.88,0.81,0.74,0.84
37,HAL,0.93,0.82,0.98,0.95
38,JSWSTEEL,0.83,0.31,0.52,0.7
39,VBL,0.96,0.9,0.94,0.95
40,TATASTEEL,0.96,0.88,0.92,0.95
41,LTIM,0.78,0.43,0.61,0.71
42,SIEMENS,0.89,0.71,0.98,0.92
43,SBILIFE,0.97,0.78,1.0,0.98
44,PFC,0.92,0.8,1.0,0.94
45,BANKBARODA,0.98,0.88,1.0,0.99
46,PNB,0.95,0.82,1.0,0.97
47,GRASIM,0.93,0.62,1.0,0.96
48,BPCL,0.97,0.9,0.96,0.96
49,TRENT,0.92,0.93,0.81,0.89
50,BEL,0.94,0.85,0.98,0.95
51,PIDILITIND,0.96,0.64,1.0,0.98
52,ZOMATO,0.74,0.6,0.82,0.76
53,HINDZINC,0.98,0.97,0.9,0.95
54,IOB,0.97,0.91,0.93,0.95
55,RECLTD,0.95,1.0,0.83,0.91
56,TECHM,0.97,0.89,0.91,0.94
57,GODREJCP,0.95,0.86,0.86,0.92
58,HDFCLIFE,0.96,0.76,0.96,0.96
59,GAIL,0.92,0.75,0.98,0.94
60,TATAPOWER,0.93,0.83,0.88,0.91
61,BRITANNIA,0.75,0.27,0.71,0.73
62,ADANIENSOL,0.2,0.18,1.0,0.51
63,INDIGO,0.98,0.98,0.93,0.96
64,HINDALCO,0.93,0.81,0.94,0.93
65,INDUSINDBK,0.97,0.62,0.89,0.93
66,CIPLA,0.98,0.89,0.84,0.92
67,AMBUJACEM,0.93,0.9,0.7,0.84
68,ATGL,0.94,0.68,0.71,0.84
69,UNIONBANK,0.95,0.88,0.92,0.94
70,TATACONSUM,0.96,0.75,0.91,0.94
71,EICHERMOT,0.98,0.92,0.88,0.93
72,CANBK,0.95,0.95,0.8,0.9
73,DRREDDY,0.96,0.76,0.96,0.96
74,LODHA,0.79,0.73,0.63,0.75
75,VEDL,0.94,0.86,0.97,0.95
76,TVSMOTOR,0.95,0.93,0.74,0.87
77,DIVISLAB,0.96,0.87,0.98,0.97
78,BAJAJHLDNG,0.97,0.81,1.0,0.98
79,IDBI,0.93,0.84,0.86,0.9
80,DABUR,0.95,0.64,0.82,0.89
81,HEROMOTOCO,0.91,0.77,0.87,0.9
82,APOLLOHOSP,0.98,0.94,0.8,0.9
83,SHREECEM,0.97,0.89,0.8,0.89
84,ABB,0.96,0.86,1.0,0.97
85,CHOLAFIN,0.93,0.78,0.98,0.95
86,NHPC,0.96,0.91,0.93,0.95
87,SHRIRAMFIN,0.87,0.73,0.83,0.86
88,ZYDUSLIFE,0.73,0.48,0.55,0.67
89,MANKIND,0.8,0.54,0.83,0.81
90,TORNTPHARM,0.96,0.84,0.97,0.97
91,HAVELLS,0.92,0.71,0.88,0.91
92,MAXHEALTH,0.95,0.87,0.94,0.95
93,YESBANK,0.95,0.82,0.98,0.96
94,BOSCHLTD,0.93,0.96,0.67,0.83
95,HINDPETRO,0.94,0.91,0.93,0.94
96,ICICIGI,0.91,0.67,1.0,0.95
97,HDFCAMC,0.94,0.74,1.0,0.97
98,JSWENERGY,0.94,0.84,0.95,0.94
99,BHEL,0.92,0.91,0.81,0.89
100,JINDALSTEL,0.99,1.0,0.94,0.97
101,IDEA,0.93,0.88,0.85,0.9
102,MOTHERSON,0.8,0.71,0.81,0.8
103,IRCTC,0.96,0.92,0.88,0.93
104,INDHOTEL,0.96,0.94,0.9,0.94
105,UCOBANK,0.95,0.8,0.97,0.96
106,LUPIN,0.92,0.76,0.96,0.94
107,CUMMINSIND,0.96,0.9,0.95,0.95
108,ICICIPRULI,0.97,0.88,0.95,0.96
109,NMDC,0.91,0.83,0.84,0.89
110,INDIANB,0.97,0.91,0.96,0.97
111,COLPAL,0.91,0.62,0.97,0.93
112,SRF,0.98,0.74,1.0,0.99
113,POLYCAB,0.74,0.49,0.61,0.7
114,SBICARD,0.97,0.67,0.92,0.95
115,OFSS,0.82,0.66,0.94,0.85
116,GICRE,0.95,0.88,0.92,0.94
117,MARICO,0.93,0.65,0.92,0.93
118,TIINDIA,0.97,0.95,0.91,0.95
119,PERSISTENT,0.93,0.79,0.98,0.95
120,CGPOWER,0.95,0.86,0.97,0.95
121,NAUKRI,0.96,0.92,0.92,0.95
122,BANKINDIA,0.95,0.85,0.91,0.93
123,BERGEPAINT,0.97,0.83,0.9,0.94
124,SUZLON,0.97,0.92,0.99,0.97
125,ALKEM,0.93,0.84,0.82,0.89
126,GODREJPROP,0.97,0.92,0.98,0.97
127,MRF,0.96,0.72,0.95,0.96
128,ABBOTINDIA,0.99,1.0,0.93,0.97
129,SOLARINDS,0.94,0.85,0.97,0.95
130,OIL,0.89,0.84,0.93,0.9
131,INDUSTOWER,0.86,0.76,0.86,0.86
132,AUROPHARMA,0.93,0.78,0.88,0.91
133,CENTRALBK,0.97,0.92,0.94,0.96
134,CONCOR,0.97,0.9,0.96,0.96
135,TORNTPOWER,0.94,0.88,0.92,0.93
136,PATANJALI,0.68,0.38,0.39,0.58
137,LTTS,0.96,0.86,0.91,0.94
138,IDFCFIRSTB,0.93,0.54,0.47,0.72
139,GMRINFRA,0.84,0.65,0.9,0.85
140,PIIND,0.98,0.79,1.0,0.99
141,RVNL,0.93,0.94,0.84,0.91
142,MUTHOOTFIN,0.98,0.87,1.0,0.99
143,PGHH,0.98,0.69,1.0,0.99
144,ASTRAL,0.97,0.89,0.94,0.96
145,SAIL,0.94,0.86,0.98,0.95
146,BHARATFORG,0.96,0.86,0.95,0.96
147,ASHOKLEY,0.97,0.93,0.93,0.96
148,MPHASIS,0.95,0.8,0.98,0.96
149,FACT,0.97,0.92,0.98,0.97
150,TATACOMM,0.96,0.87,0.92,0.94
151,ACC,0.95,0.88,0.88,0.92
152,JSL,0.94,0.84,0.96,0.95
153,SJVN,0.96,0.91,0.95,0.96
154,PHOENIXLTD,0.91,0.83,0.9,0.91
155,SUPREMEIND,0.96,0.88,0.92,0.95
156,LINDEINDIA,0.97,0.88,1.0,0.98
157,OBEROIRLTY,0.94,0.94,0.74,0.86
158,SCHAEFFLER,0.87,0.69,0.74,0.82
159,ABCAPITAL,0.93,0.83,0.86,0.91
160,PSB,0.95,0.84,0.98,0.96
161,UBL,0.84,0.56,0.64,0.76
162,JSWINFRA,0.56,0.4,0.95,0.67
163,TATAELXSI,0.97,0.71,1.0,0.98
164,PRESTIGE,0.89,0.96,0.73,0.86
165,BALKRISIND,0.95,0.81,0.91,0.93
166,KPITTECH,0.95,0.86,0.91,0.94
167,MAHABANK,1.0,0.98,1.0,1.0
168,AWL,0.91,0.73,0.71,0.83
169,NYKAA,0.79,0.46,0.6,0.72
170,MAZDOCK,0.88,0.78,0.83,0.87
171,MRPL,0.92,0.81,0.88,0.91
172,POLICYBZR,0.65,0.46,0.89,0.72
173,SUNDARMFIN,0.89,0.88,0.73,0.85
174,PETRONET,0.93,0.78,0.98,0.95
175,THERMAX,0.95,0.9,0.94,0.94
176,COFORGE,0.96,0.89,0.98,0.97
177,HUDCO,0.93,0.84,1.0,0.95
178,NIACL,0.97,0.95,0.93,0.95
179,PAGEIND,0.95,0.69,0.9,0.93
180,KALYANKJIL,0.83,0.78,0.8,0.82
181,GUJGASLTD,0.95,0.82,0.95,0.95
182,IRB,0.9,0.82,0.79,0.87
183,APLAPOLLO,0.99,0.97,0.97,0.98
184,AUBANK,0.97,0.79,1.0,0.98
185,FLUOROCHEM,0.96,0.93,0.91,0.94
186,DALBHARAT,0.86,0.5,0.55,0.73
187,FEDERALBNK,0.95,0.74,0.97,0.96
188,DIXON,0.96,0.94,0.97,0.96
189,POONAWALLA,0.95,0.79,0.81,0.89
190,MEDANTA,0.91,0.77,0.93,0.91
191,GLAXO,0.93,0.83,0.9,0.92
192,UPL,0.95,0.74,0.92,0.94
193,AIAENG,0.94,0.7,0.97,0.95
194,VOLTAS,0.91,0.78,0.97,0.93
195,SONACOMS,0.73,0.47,0.55,0.67
196,M&MFIN,0.97,0.89,0.94,0.96
197,NLCINDIA,0.95,0.93,0.91,0.94
198,LICHSGFIN,0.97,0.89,1.0,0.98
199,UNOMINDA,0.9,0.8,0.86,0.89
200,3MINDIA,0.93,0.78,0.83,0.89
201,DELHIVERY,0.87,0.56,0.58,0.75
202,HONAUT,0.97,0.79,1.0,0.98
203,CRISIL,0.98,0.96,0.89,0.94
204,APOLLOTYRE,0.94,0.96,0.71,0.85
205,BIOCON,0.96,0.89,0.94,0.95
206,MFSL,0.97,0.82,1.0,0.98
207,FORTIS,0.83,0.53,0.92,0.87
208,COROMANDEL,0.96,0.84,0.95,0.95
209,STARHEALTH,0.91,0.5,0.72,0.83
210,ESCORTS,0.96,0.87,0.98,0.97
211,JKCEMENT,0.94,0.86,0.8,0.89
212,BANDHANBNK,0.94,0.78,0.95,0.94
213,JUBLFOOD,0.97,0.81,0.96,0.96
214,BSE,0.95,0.84,1.0,0.96
215,GLAND,0.89,0.56,0.77,0.84
216,MSUMI,0.93,0.73,0.7,0.83
217,DEEPAKNTR,0.95,0.86,0.88,0.92
218,IGL,0.85,0.52,0.64,0.76
219,NAM-INDIA,0.88,0.74,0.76,0.84
220,KIOCL,0.95,0.93,0.84,0.91
221,BDL,0.91,0.85,0.87,0.9
222,ITI,0.95,0.88,0.86,0.92
223,SYNGENE,0.94,0.76,0.86,0.91
224,KEI,0.93,0.91,0.85,0.91
225,METROBRAND,0.91,0.64,0.62,0.78
226,IPCALAB,0.95,0.85,0.93,0.94
227,NATIONALUM,0.94,0.87,0.97,0.95
228,ZFCVINDIA,0.9,0.67,0.67,0.81
229,EXIDEIND,0.94,0.86,0.9,0.93
230,LLOYDSME,0.85,0.68,0.59,0.75
231,TATAINVEST,0.97,0.95,0.89,0.94
232,NH,0.98,0.89,0.93,0.95
233,ANGELONE,0.83,0.68,0.63,0.76
234,GODREJIND,0.95,0.9,0.93,0.94
235,AJANTPHARM,0.95,0.94,0.88,0.93
236,MOTILALOFS,0.89,0.88,0.83,0.88
237,BAYERCROP,0.86,0.64,0.74,0.82
238,ISEC,0.95,0.71,1.0,0.97
239,JBCHEPHARM,0.95,0.79,0.97,0.96
240,EIHOTEL,0.93,0.89,0.84,0.9
241,360ONE,0.86,0.77,0.82,0.85
242,BLUESTARCO,0.96,0.98,0.89,0.94
243,ENDURANCE,0.9,0.73,0.94,0.92
244,KPRMILL,0.94,0.73,0.94,0.94
245,POWERINDIA,0.89,0.82,0.99,0.9
246,HATSUN,0.96,0.91,0.85,0.92
247,HINDCOPPER,0.9,0.89,0.8,0.88
248,CREDITACC,0.98,1.0,0.77,0.89
249,AARTIIND,0.96,0.84,0.98,0.96
250,KANSAINER,0.98,0.79,0.94,0.96
251,NBCC,0.91,0.8,0.99,0.93
252,TATACHEM,0.97,0.85,1.0,0.98
253,APARINDS,0.97,0.92,0.98,0.97
254,SUNTV,0.97,0.88,0.94,0.96
255,GRINDWELL,0.81,0.47,0.75,0.79
256,JBMA,0.94,0.94,0.84,0.91
257,ASTERDM,0.93,0.86,0.78,0.87
258,NESTLEIND,0.98,1.0,0.69,0.84
259,MANYAVAR,0.92,0.76,0.78,0.87
260,BSOFT,0.97,0.88,0.98,0.97
261,CYIENT,0.97,0.92,0.92,0.95
262,RADICO,0.96,0.91,0.91,0.94
263,SUNDRMFAST,0.94,0.68,0.83,0.89
264,GLENMARK,0.93,0.8,0.98,0.94
265,SONATSOFTW,0.96,0.96,0.89,0.94
266,BRIGADE,0.89,0.73,1.0,0.93
267,ABFRL,0.93,0.81,0.95,0.93
268,FIVESTAR,0.88,0.64,0.78,0.84
269,SKFINDIA,1.0,0.97,1.0,1.0
270,TRIDENT,1.0,0.96,1.0,1.0
271,IIFL,0.94,0.93,0.81,0.89
272,GILLETTE,0.88,0.62,0.97,0.92
273,IRCON,0.96,0.96,0.89,0.94
274,TIMKEN,0.96,0.86,0.96,0.96
275,LAURUSLABS,0.98,0.96,0.93,0.96
276,RELAXO,0.99,0.86,0.75,0.87
277,GSPL,0.94,0.85,0.93,0.93
278,RATNAMANI,0.96,0.81,0.97,0.96
279,CARBORUNIV,0.99,0.97,0.97,0.98
280,PFIZER,0.92,0.7,0.94,0.93
281,PAYTM,0.77,0.78,0.62,0.75
282,ELGIEQUIP,0.97,0.94,0.94,0.96
283,RAMCOCEM,0.97,0.72,0.87,0.92
284,CHOLAHLDNG,0.94,0.85,0.97,0.95
285,SANOFI,0.95,0.81,0.91,0.93
286,LALPATHLAB,0.96,0.81,1.0,0.98
287,PNBHOUSING,0.53,0.24,0.42,0.49
288,PEL,0.94,0.84,0.88,0.92
289,EMAMILTD,0.82,0.53,0.76,0.8
290,KAJARIACER,0.97,0.89,0.98,0.97
291,APLLTD,0.97,0.89,1.0,0.98
292,CASTROLIND,0.96,0.9,0.95,0.95
293,CDSL,0.89,0.71,0.96,0.92
294,CGCL,0.77,0.37,0.8,0.78
295,SWANENERGY,0.91,0.8,0.96,0.92
296,NSLNISP,0.78,0.48,0.83,0.8
297,SIGNATURE,0.7,0.48,0.23,0.56
298,SUMICHEM,0.94,0.83,0.87,0.92
299,ATUL,0.95,0.73,0.92,0.94
300,INOXWIND,0.85,0.77,0.97,0.86
301,SHYAMMETL,0.8,0.64,0.84,0.81
302,RITES,0.94,0.86,0.95,0.94
303,CIEINDIA,0.89,0.63,0.73,0.82
304,DEVYANI,0.87,0.67,0.71,0.81
305,CROMPTON,0.94,0.81,0.93,0.94
306,BATAINDIA,0.98,0.81,0.93,0.96
307,TTML,0.9,0.6,0.94,0.91
308,ZEEL,0.97,0.89,0.98,0.97
309,PPLPHARMA,0.9,0.83,0.71,0.83
310,APTUS,0.89,0.71,0.76,0.84
311,KIMS,0.91,0.62,0.93,0.92
312,KAYNES,0.71,0.57,0.76,0.73
313,KEC,0.94,0.93,0.86,0.92
314,CESC,0.9,0.75,0.95,0.91
315,MCX,0.88,0.74,0.98,0.91
316,CHALET,0.95,0.85,0.96,0.95
317,VINATIORGA,0.98,0.9,1.0,0.99
318,JYOTHYLAB,0.95,0.89,0.92,0.94
319,TVSHLTD,0.87,0.83,0.78,0.85
320,WHIRLPOOL,0.87,0.72,0.82,0.85
321,SUVENPHAR,0.84,0.65,0.93,0.87
322,CENTURYPLY,0.97,0.88,0.94,0.96
323,RRKABEL,0.89,0.25,0.05,0.52
324,AFFLE,0.91,0.75,0.96,0.93
325,OLECTRA,0.86,0.7,0.84,0.85
326,JINDALSAW,0.95,1.0,0.8,0.9
327,INDIAMART,0.81,0.43,0.81,0.81
328,CENTURYTEX,0.94,0.86,0.97,0.95
329,NATCOPHARM,0.94,0.8,0.96,0.94
330,HSCL,0.94,0.87,1.0,0.95
331,J&KBANK,0.97,0.9,0.9,0.94
332,MANAPPURAM,0.96,0.85,0.98,0.96
333,REDINGTON,0.98,0.92,0.97,0.98
334,KPIL,0.57,0.41,1.0,0.69
335,RBLBANK,0.96,0.92,0.88,0.93
336,JAIBALAJI,0.96,0.94,0.96,0.96
337,NAVINFLUOR,0.98,0.83,0.95,0.96
338,HBLPOWER,0.94,0.98,0.82,0.91
339,DCMSHRIRAM,0.95,0.79,0.9,0.93
340,FINCABLES,0.98,0.95,0.92,0.95
341,JWL,0.83,0.7,0.76,0.81
342,CHAMBLFERT,0.98,0.94,0.98,0.98
343,LAXMIMACH,0.98,0.93,0.98,0.98
344,KARURVYSYA,0.96,0.87,0.95,0.96
345,BLS,0.94,0.85,1.0,0.96
346,ANANDRATHI,0.83,0.62,0.64,0.76
347,MGL,0.94,0.84,0.98,0.95
348,WELSPUNLIV,0.84,0.63,0.7,0.79
349,NUVAMA,0.78,1.0,0.13,0.57
350,CLEAN,0.88,0.59,0.77,0.84
351,ARE&M,0.28,0.28,1.0,0.5
352,WELCORP,0.97,0.92,0.96,0.97
353,POLYMED,0.98,0.93,0.98,0.98
354,CONCORDBIO,0.64,0.42,0.86,0.71
355,ALOKINDS,0.58,0.28,0.67,0.62
356,TRITURBINE,0.96,0.94,0.89,0.94
357,BASF,0.96,0.95,0.93,0.95
358,CHENNPETRO,0.93,0.89,0.86,0.91
359,HFCL,0.9,0.81,0.97,0.92
360,BLUEDART,0.94,0.75,1.0,0.97
361,JPPOWER,0.95,0.95,0.9,0.94
362,HONASA,0.72,0.2,0.09,0.49
363,CAMS,0.76,0.49,0.72,0.75
364,NCC,0.94,0.85,0.96,0.95
365,FSL,0.93,0.87,0.92,0.93
366,SCHNEIDER,0.95,0.99,0.89,0.94
367,ASTRAZEN,0.95,0.85,0.96,0.95
368,VGUARD,0.92,0.85,0.71,0.84
369,ACE,0.94,0.83,0.98,0.95
370,RHIM,0.89,0.72,0.72,0.83
371,ABSLAMC,0.88,0.78,0.72,0.83
372,KSB,0.88,0.65,0.72,0.82
373,GESHIP,0.93,0.79,0.96,0.94
374,FINPIPE,0.97,0.94,0.94,0.96
375,SWSOLAR,0.94,0.87,0.94,0.94
376,TANLA,0.94,0.74,0.91,0.92
377,BIKAJI,0.85,0.58,0.9,0.87
378,DBREALTY,0.89,0.69,0.94,0.91
379,GODFRYPHLP,0.9,0.84,0.95,0.91
380,RKFORGE,0.99,0.96,0.98,0.98
381,PVRINOX,0.93,0.59,0.72,0.84
382,GMDCLTD,0.98,0.98,0.91,0.95
383,SOBHA,0.95,0.93,0.92,0.94
384,AMBER,0.92,0.86,0.89,0.91
385,ASAHIINDIA,0.96,0.8,1.0,0.97
386,FINEORG,0.95,0.8,0.88,0.92
387,JKTYRE,0.96,0.94,0.85,0.92
388,IFCI,0.93,0.86,0.99,0.94
389,BEML,0.94,0.93,0.9,0.93
390,IEX,0.98,0.98,0.94,0.97
391,BIRLACORPN,0.97,0.93,0.86,0.93
392,RAINBOW,0.88,0.71,0.77,0.84
393,TITAGARH,0.86,0.75,0.75,0.83
394,AKZOINDIA,0.93,0.74,1.0,0.95
395,HAPPSTMNDS,0.97,0.88,0.75,0.87
396,WESTLIFE,0.96,0.85,0.85,0.91
397,TEJASNET,0.97,0.91,0.93,0.95
398,VTL,0.95,0.73,0.96,0.95
399,KIRLOSENG,0.94,0.89,0.96,0.95
400,MAHSEAMLES,0.99,0.96,0.93,0.96
401,INTELLECT,0.96,0.83,1.0,0.97
402,RAILTEL,0.8,0.75,0.63,0.76
403,ENGINERSIN,0.77,0.64,0.7,0.75
404,PTCIL,0.79,0.59,0.81,0.8
405,BBTC,0.91,0.8,0.95,0.92
406,MMTC,0.94,0.98,0.84,0.92
407,ZENSARTECH,0.93,0.89,0.8,0.88
408,NUVOCO,0.87,0.41,0.67,0.78
409,SPLPETRO,0.53,0.34,0.77,0.6
410,SFL,0.98,0.8,0.86,0.92
411,BAJAJELEC,0.99,0.94,0.89,0.94
412,NETWORK18,0.98,0.93,0.95,0.97
413,ANANTRAJ,0.91,0.99,0.8,0.89
414,GRINFRA,0.86,0.64,0.69,0.8
415,CAPLIPOINT,0.96,0.89,0.98,0.97
416,ERIS,0.95,0.8,1.0,0.97
417,RTNINDIA,0.63,0.41,0.43,0.57
418,UTIAMC,0.87,0.68,0.8,0.85
419,PCBL,0.83,0.72,0.82,0.82
420,EQUITASBNK,0.9,0.65,0.73,0.83
421,ELECON,0.94,0.84,0.96,0.95
422,AETHER,0.93,0.71,0.83,0.89
423,RAYMOND,0.92,0.87,0.85,0.9
424,SPARC,0.97,0.95,0.89,0.94
425,CEATLTD,0.82,0.59,0.8,0.81
426,ECLERX,0.9,0.66,1.0,0.94
427,COCHINSHIP,0.92,0.86,0.93,0.93
428,AAVAS,0.95,0.82,0.87,0.92
429,ALKYLAMINE,0.88,0.67,0.74,0.83
430,UJJIVANSFB,0.95,0.71,0.79,0.88
431,LEMONTREE,0.97,0.92,0.9,0.94
432,ELECTCAST,0.92,0.96,0.77,0.88
433,CANFINHOME,0.97,0.89,0.91,0.95
434,KFINTECH,0.74,0.59,0.8,0.75
435,NEWGEN,0.96,0.94,0.94,0.96
436,LATENTVIEW,0.93,0.77,0.75,0.86
437,JKLAKSHMI,0.94,0.83,0.77,0.87
438,GLS,0.8,0.69,0.63,0.75
439,GRAPHITE,0.96,0.88,0.95,0.96
440,SCI,0.97,0.97,0.93,0.96
441,RATEGAIN,0.82,0.52,0.6,0.73
442,INGERRAND,0.95,0.88,0.92,0.94
443,PNCINFRA,0.96,0.87,0.93,0.95
444,GPIL,0.85,0.67,0.83,0.85
445,TTKPRESTIG,0.98,0.9,0.93,0.96
446,GRANULES,0.91,0.74,0.98,0.94
447,EIDPARRY,0.97,1.0,0.85,0.92
448,DATAPATTNS,0.86,0.77,0.73,0.82
449,MAPMYINDIA,0.87,0.54,0.73,0.81
450,RPOWER,0.96,0.92,0.94,0.95
451,CUB,0.96,0.85,0.9,0.94
452,RENUKA,0.94,0.76,0.94,0.94
453,ZYDUSWELL,0.96,0.82,0.97,0.96
454,ROUTE,0.91,0.58,0.64,0.79
455,SAFARI,0.96,0.85,0.95,0.96
456,JMFINANCIL,0.94,0.87,0.96,0.94
457,GODREJAGRO,0.96,0.92,0.88,0.93
458,USHAMART,0.91,0.81,0.87,0.9
459,ANURAS,0.91,0.46,0.69,0.81
460,JUBLPHARMA,0.87,0.74,0.88,0.88
461,INFIBEAM,0.94,0.9,0.85,0.91
462,MINDACORP,0.96,0.9,0.93,0.95
463,GSFC,0.97,0.96,0.9,0.94
464,GNFC,0.96,0.82,0.85,0.91
465,CERA,0.96,0.82,0.9,0.93
466,GRSE,0.95,0.9,0.92,0.94
467,RELINFRA,0.74,0.63,0.74,0.74
468,PRAJIND,0.98,0.91,1.0,0.99
469,GPPL,0.93,0.82,0.95,0.93
470,SBFC,0.89,0.55,0.44,0.7
471,RAJESHEXPO,0.92,0.65,0.93,0.93
472,CRAFTSMAN,0.87,0.69,0.81,0.85
473,GALAXYSURF,0.96,0.86,0.88,0.93
474,REDTAPE,0.32,0.28,1.0,0.54
475,SYRMA,0.91,0.77,0.71,0.83
476,MAHLIFE,0.95,0.76,1.0,0.97
477,PRSMJOHNSN,0.93,0.78,0.76,0.86
478,MASTEK,0.97,0.91,0.96,0.96
479,NEULANDLAB,0.94,0.86,0.97,0.95
480,CCL,0.95,0.75,0.92,0.94
481,METROPOLIS,0.93,0.76,0.81,0.88
482,TEGA,0.8,0.71,0.72,0.78
483,EASEMYTRIP,0.83,0.49,0.5,0.7
484,STARCEMENT,0.97,0.89,0.91,0.95
485,SAPPHIRE,0.91,0.72,0.66,0.81
486,PGHL,0.96,0.53,0.9,0.93
487,MAHSCOOTER,0.93,0.75,0.95,0.94
488,KTKBANK,0.98,0.93,0.93,0.96
489,GENUSPOWER,0.96,0.93,0.94,0.95
490,POWERMECH,0.95,0.89,0.93,0.94
491,GAEL,0.97,0.95,0.9,0.95
492,TECHNOE,0.48,0.38,0.42,0.47
493,RCF,0.96,0.95,0.91,0.94
494,EMIL,0.8,0.5,0.41,0.66
495,ESABINDIA,0.96,0.82,0.9,0.93
496,HOMEFIRST,0.88,0.72,0.78,0.85
497,JLHL,0.67,0.28,0.8,0.72
498,MHRIL,0.99,0.97,0.94,0.97
499,RESPONIND,0.96,0.84,0.91,0.94
500,MANINFRA,0.94,0.85,0.73,0.86
501,TVSSCS,0.89,1.0,0.08,0.54
502,SHOPERSTOP,0.96,0.88,0.86,0.92
503,NETWEB,0.77,0.64,0.9,0.8
504,SARDAEN,0.95,0.88,0.95,0.95
505,SANDUMA,0.73,1.0,0.14,0.57
506,THOMASCOOK,0.96,0.97,0.91,0.95
507,ARVIND,0.95,0.84,0.98,0.96
508,MIDHANI,0.96,0.87,0.98,0.96
509,VAIBHAVGBL,0.94,0.85,0.8,0.89
510,ACI,0.84,0.65,0.79,0.82
511,RELIGARE,0.93,0.82,0.86,0.9
512,KRBL,0.95,0.83,0.83,0.9
513,VARROC,0.94,0.8,0.95,0.95
514,SHRIPISTON,0.62,0.36,0.35,0.54
515,KNRCON,0.97,0.91,0.93,0.95
516,JUBLINGREA,0.84,0.76,0.75,0.82
517,MEDPLUS,0.96,0.75,0.83,0.9
518,VIPIND,0.98,0.93,0.9,0.95
519,RUSTOMJEE,0.76,0.49,0.79,0.77
520,SAREGAMA,0.97,0.95,0.95,0.96
521,BALRAMCHIN,0.97,0.89,0.98,0.97
522,PDSL,0.87,0.58,0.86,0.86
523,HMT,0.93,0.91,0.88,0.92
524,STAR,0.92,0.84,1.0,0.94
525,TMB,0.95,0.0,0.0,0.49
526,TEXRAIL,0.95,0.91,0.94,0.95
527,FDC,0.94,0.81,0.95,0.95
528,VOLTAMP,0.95,0.94,0.91,0.94
529,TRIVENI,0.96,0.86,0.95,0.96
530,MARKSANS,0.97,0.92,1.0,0.97
531,VESUVIUS,0.97,0.86,0.97,0.97
532,CAMPUS,0.86,0.59,0.69,0.79
533,QUESS,0.92,0.85,0.88,0.91
534,INDIACEM,0.96,0.91,0.89,0.93
535,JUSTDIAL,0.93,0.8,0.98,0.95
536,IWEL,0.87,0.84,0.88,0.87
537,BALAMINES,0.97,0.87,0.94,0.96
538,SOUTHBANK,0.97,0.87,0.94,0.96
539,KIRLOSBROS,0.95,0.88,0.99,0.96
540,INDIGOPNTS,0.82,0.14,0.24,0.55
541,CHEMPLASTS,0.89,0.63,0.73,0.82
542,LXCHEM,0.86,0.63,0.66,0.78
543,IONEXCHANG,0.84,0.58,0.67,0.77
544,NAVA,0.84,0.71,0.81,0.83
545,BORORENEW,0.97,0.83,1.0,0.98
546,GARFIBRES,0.75,0.32,0.52,0.65
547,SPANDANA,0.97,0.85,0.92,0.95
548,AVANTIFEED,0.9,0.72,0.91,0.9
549,SURYAROSNI,0.98,0.98,0.95,0.97
550,ZENTEC,0.94,0.87,0.97,0.95
551,JINDWORLD,0.93,0.78,0.93,0.93
552,EDELWEISS,0.94,0.85,0.98,0.95
553,JSWHL,0.92,0.84,0.92,0.92
554,SHAREINDIA,0.93,0.64,0.76,0.86
555,SUNTECK,0.99,0.96,0.98,0.98
556,TCI,0.96,0.81,1.0,0.98
557,AHLUCONT,0.3,0.11,0.34,0.31
558,MSTCLTD,0.96,0.91,0.95,0.96
559,GREENLAM,0.97,0.83,1.0,0.98
560,PRINCEPIPE,0.95,0.81,0.81,0.89
561,HCC,0.94,0.92,0.88,0.92
562,DBL,0.98,0.91,0.98,0.98
563,JKPAPER,0.93,0.82,0.93,0.93
564,SIS,0.99,0.94,0.94,0.97
565,HEG,0.96,0.92,0.94,0.95
566,PARADEEP,0.86,0.72,0.66,0.79
567,CSBBANK,0.98,0.94,0.84,0.92
568,ISGEC,0.82,0.76,0.68,0.79
569,GRAVITA,0.93,0.81,1.0,0.95
570,GOCOLORS,0.88,0.62,0.86,0.87
571,IBREALEST,0.96,0.89,0.97,0.96
572,VIJAYA,0.76,0.36,0.64,0.71
573,DEEPAKFERT,0.95,0.89,0.96,0.95
574,WOCKPHARMA,0.92,0.85,0.92,0.92
575,GANESHHOUC,0.93,0.83,0.97,0.94
576,HEMIPROP,0.83,0.7,0.66,0.77
577,NIITMTS,0.76,0.0,0.0,0.5
578,SYMPHONY,0.94,0.82,0.96,0.95
579,LTFOODS,0.6,0.45,0.91,0.68
580,GMMPFAUDLR,0.97,0.86,0.94,0.96
581,NAZARA,0.9,0.74,0.88,0.89
582,ARVINDFASN,0.92,0.85,0.83,0.89
583,UTKARSHBNK,0.87,0.54,0.76,0.83
584,CYIENTDLM,0.79,0.4,0.64,0.73
585,NESCO,0.93,0.74,0.81,0.88
586,ITDCEM,0.96,0.94,0.96,0.96
587,SINDHUTRAD,0.83,0.76,0.63,0.77
588,EPL,0.89,0.64,0.7,0.81
589,JAICORPLTD,0.96,0.95,0.9,0.94
590,RAIN,0.96,0.92,0.9,0.94
591,ASTRAMICRO,0.99,0.96,0.98,0.98
592,PAISALO,0.85,0.71,0.86,0.85
593,JAYNECOIND,0.93,0.85,0.87,0.91
594,BECTORFOOD,0.85,0.69,0.78,0.83
595,SENCO,0.72,0.58,0.83,0.75
596,HNDFDS,0.92,0.71,0.65,0.81
597,DODLA,0.87,0.82,0.63,0.79
598,MOIL,0.96,0.91,0.93,0.95
599,ITDC,0.97,0.95,0.94,0.96
600,GUJALKALI,0.78,0.39,0.69,0.74
601,HGINFRA,0.98,0.96,0.96,0.97
602,PTC,0.94,0.86,0.93,0.94
603,ETHOSLTD,0.75,0.57,0.92,0.8
604,MTARTECH,0.91,0.68,0.78,0.86
605,RTNPOWER,0.96,0.95,0.91,0.94
606,ROLEXRINGS,0.89,0.64,0.76,0.84
607,CMSINFO,0.82,0.56,0.58,0.73
608,LLOYDSENGG,0.48,0.39,0.97,0.6
609,KPIGREEN,0.8,0.76,0.62,0.76
610,VSTIND,0.85,0.59,1.0,0.9
611,FUSION,0.89,0.7,0.47,0.72
612,ICRA,0.97,0.86,0.94,0.96
613,PATELENG,0.95,0.94,0.88,0.93
614,STLTECH,0.87,0.56,0.65,0.78
615,MASFIN,0.97,0.87,0.93,0.95
616,IFBIND,0.92,0.79,0.96,0.93
617,CHOICEIN,0.65,0.43,0.84,0.71
618,SANSERA,0.85,0.75,0.73,0.82
619,RSYSTEMS,0.94,0.8,0.98,0.96
620,PRUDENT,0.74,0.56,0.82,0.76
621,ICIL,0.96,0.89,0.98,0.97
622,ORIENTCEM,0.94,0.88,0.93,0.94
623,RBA,0.91,0.61,0.8,0.86
624,GATEWAY,0.92,0.78,0.6,0.79
625,PURVA,0.95,0.93,0.94,0.95
626,GOKEX,0.96,0.85,0.98,0.97
627,SUPRAJIT,0.96,0.83,0.98,0.96
628,DBCORP,0.96,0.92,0.95,0.96
629,TEAMLEASE,0.97,0.92,0.9,0.94
630,AURIONPRO,0.91,0.84,0.92,0.91
631,NFL,0.91,0.88,0.88,0.91
632,VRLLOG,0.98,0.93,0.93,0.96
633,KESORAMIND,0.97,0.91,0.88,0.93
634,GALLANTT,0.86,0.72,1.0,0.89
635,GABRIEL,0.97,0.93,0.93,0.96
636,PRICOLLTD,0.98,1.0,0.9,0.95
637,HCG,0.95,0.74,1.0,0.97
638,AGI,0.86,0.74,0.74,0.82
639,SULA,0.89,0.5,0.59,0.76
640,WONDERLA,0.97,0.95,0.81,0.9
641,BANCOINDIA,0.97,0.94,0.92,0.95
642,ASHOKA,0.93,0.87,0.93,0.93
643,HEIDELBERG,0.96,0.81,0.97,0.96
644,AARTIDRUGS,0.97,0.91,0.91,0.95
645,TIMETECHNO,0.96,0.92,0.91,0.94
646,GHCL,0.95,0.86,0.93,0.95
647,WELENT,0.95,0.96,0.86,0.92
648,DHANUKA,0.97,0.96,0.96,0.97
649,GRWRHITECH,0.75,0.68,0.7,0.74
650,JKIL,0.97,0.95,0.94,0.96
651,RALLIS,0.93,0.72,0.97,0.95
652,PRIVISCL,0.9,0.79,0.85,0.89
653,GENSOL,0.8,0.61,0.78,0.79
654,PGEL,0.93,0.87,0.97,0.93
655,SANGHVIMOV,0.97,0.93,0.93,0.96
656,TARC,0.85,0.85,0.72,0.82
657,BAJAJHIND,0.95,0.87,0.96,0.96
658,AARTIPHARM,0.84,0.81,0.43,0.7
659,TIIL,0.9,0.8,0.87,0.89
660,NOCIL,0.96,0.9,0.94,0.95
661,IPL,0.83,0.54,0.76,0.8
662,DYNAMATECH,0.96,0.93,0.94,0.95
663,TCIEXP,0.99,0.92,1.0,0.99
664,ADVENZYMES,0.95,0.86,0.96,0.95
665,JAMNAAUTO,0.95,0.83,0.95,0.95
666,KKCL,0.99,0.95,0.9,0.95
667,BBOX,0.87,0.77,0.81,0.85
668,TI,0.98,0.94,0.96,0.97
669,BOROLTD,0.97,0.88,0.97,0.97
670,FCL,0.43,0.19,0.41,0.43
671,SHARDAMOTR,0.87,0.74,0.93,0.88
672,WABAG,0.9,0.86,0.89,0.9
673,BALMLAWRIE,0.87,0.72,0.97,0.89
674,GULFOILLUB,0.88,0.74,1.0,0.91
675,GREENPANEL,0.96,0.88,0.93,0.95
676,KIRLPNU,0.8,0.65,0.67,0.76
677,HATHWAY,0.96,0.87,0.93,0.95
678,HGS,0.99,0.93,0.96,0.98
679,TDPOWERSYS,0.95,0.88,0.98,0.96
680,JTLIND,0.88,0.68,0.85,0.87
681,RAMKY,0.95,0.96,0.84,0.91
682,DCBBANK,0.99,0.93,1.0,0.99
683,WSTCSTPAPR,0.95,0.9,0.8,0.89
684,ORISSAMINE,0.96,0.9,0.96,0.96
685,SAMHI,0.63,0.32,0.97,0.76
686,ROSSARI,0.97,0.84,0.93,0.95
687,KIRLOSIND,0.97,0.94,0.94,0.96
688,YATHARTH,0.88,0.83,0.62,0.79
689,ORIENTELEC,0.88,0.6,0.95,0.9
690,AMIORG,0.83,0.57,0.78,0.81
691,SUBROS,0.97,0.93,0.97,0.97
692,SSWL,0.97,0.8,0.96,0.96
693,JISLJALEQS,0.96,0.84,0.98,0.96
694,UNITECH,0.97,0.95,0.94,0.96
695,SHANTIGEAR,0.98,0.91,0.98,0.98
696,MAXESTATES,0.58,0.42,0.86,0.65
697,DISHTV,0.96,0.86,0.98,0.96
698,EMUDHRA,0.79,0.57,0.67,0.75
699,SUDARSCHEM,0.88,0.76,0.96,0.9
700,SUNDARMHLD,0.97,0.95,0.97,0.97
701,VMART,0.93,0.86,0.97,0.94
702,LAOPALA,0.96,0.82,0.93,0.95
703,SUNFLAG,0.97,0.91,0.98,0.97
704,KSCL,0.97,0.91,0.98,0.97
705,UNICHEMLAB,0.98,0.92,0.98,0.98
706,HMAAGRO,0.92,0.91,0.6,0.79
707,JTEKTINDIA,0.97,0.94,0.93,0.95
708,IMAGICAA,0.74,0.53,0.85,0.77
709,DELTACORP,0.97,0.86,0.94,0.96
710,KALAMANDIR,0.78,0.35,0.88,0.82
711,BHARATRAS,0.94,0.77,0.97,0.95
712,THANGAMAYL,0.93,0.78,1.0,0.95
713,LGBBROSLTD,0.99,0.97,0.97,0.98
714,BOMDYEING,0.93,0.81,0.97,0.94
715,GREAVESCOT,0.96,0.9,0.97,0.96
716,PFOCUS,0.97,0.99,0.93,0.96
717,INOXGREEN,0.82,0.77,0.71,0.79
718,KOLTEPATIL,0.97,0.95,0.9,0.94
719,HARSHA,0.84,0.57,0.54,0.72
720,DCXINDIA,0.9,0.68,0.72,0.83
721,NUCLEUS,0.95,1.0,0.82,0.91
722,LUXIND,0.97,0.88,0.98,0.97
723,HIKAL,0.97,0.87,1.0,0.98
724,IMFA,0.96,0.88,0.94,0.95
725,NEOGEN,0.94,0.8,0.87,0.91
726,DATAMATICS,0.99,0.97,0.97,0.98
727,KSL,0.95,0.9,0.97,0.96
728,NAVNETEDUL,0.96,0.81,0.9,0.93
729,APOLLO,0.93,1.0,0.69,0.85
730,SEQUENT,0.97,0.95,0.95,0.97
731,HLEGLAS,0.94,0.67,0.63,0.8
732,INDOCO,0.97,0.81,0.96,0.96
733,SHARDACROP,0.96,0.86,1.0,0.98
734,PILANIINVS,0.8,0.61,0.94,0.84
735,KAUSHALYA,0.55,0.11,0.07,0.42
736,ASHAPURMIN,0.96,0.85,0.92,0.94
737,RAJRATAN,0.98,0.85,0.96,0.97
738,SAGCEM,0.96,0.75,0.91,0.94
739,TASTYBITE,0.94,0.72,0.65,0.81
740,BBL,0.95,0.89,0.99,0.96
741,KDDL,0.96,0.88,0.92,0.95
742,CARTRADE,0.82,0.6,0.76,0.8
743,PRAKASH,0.98,0.96,0.97,0.97
744,SEPC,0.84,0.81,0.65,0.79
745,CARERATING,0.98,0.92,0.95,0.97
746,SHILPAMED,0.96,0.89,1.0,0.97
747,TVSSRICHAK,0.97,0.96,0.84,0.92
748,GUFICBIO,0.97,0.88,0.95,0.96
749,SHALBY,0.97,0.85,0.88,0.93
750,DCAL,0.96,0.88,0.96,0.96
751,THYROCARE,0.75,0.48,0.68,0.72
752,AVALON,0.77,0.46,0.88,0.81
753,DALMIASUG,0.95,0.88,0.92,0.94
754,NRBBEARING,0.98,1.0,0.9,0.95
755,GOODLUCK,0.92,0.89,0.77,0.87
756,VENUSPIPES,0.86,0.69,0.76,0.82
757,GMRP&UI,0.77,0.66,0.93,0.8
758,PFS,0.94,0.83,1.0,0.96
759,BANARISUG,0.89,0.68,0.96,0.92
760,SBCL,0.86,0.7,0.78,0.84
761,HINDWAREAP,0.9,0.71,0.77,0.85
762,UFLEX,0.97,0.89,0.95,0.96
763,ZAGGLE,0.69,0.49,0.82,0.73
764,BAJAJCON,0.97,0.84,0.97,0.97
765,PARAGMILK,0.96,0.87,0.96,0.96
766,LUMAXTECH,0.95,0.88,0.92,0.94
767,SEAMECLTD,0.94,0.86,0.95,0.94
768,ACCELYA,0.96,0.82,1.0,0.97
769,FIEMIND,0.95,0.91,0.9,0.93
770,SAKSOFT,0.97,0.95,0.91,0.95
771,LANDMARK,0.91,0.73,0.42,0.7
772,MAITHANALL,0.96,0.9,0.93,0.95
773,ASHIANA,0.74,0.46,0.96,0.82
774,VINDHYATEL,0.94,0.93,0.83,0.9
775,AXISCADES,0.96,0.88,0.98,0.96
776,JCHAC,0.78,0.62,0.64,0.74
777,IDEAFORGE,0.84,0.25,0.21,0.56
778,SUPRIYA,0.88,0.75,0.92,0.89
779,NILKAMAL,0.98,0.78,0.93,0.96
780,GIPCL,0.93,0.91,0.85,0.91
781,MOLDTKPAC,0.99,0.93,0.93,0.96
782,FILATEX,0.92,0.79,0.97,0.93
783,HERITGFOOD,0.96,0.93,0.92,0.94
784,MTNL,0.95,0.97,0.88,0.93
785,GREENPLY,0.98,0.94,0.99,0.98
786,SKIPPER,0.89,0.8,0.98,0.91
787,SANDHAR,0.96,0.91,0.86,0.92
788,APOLLOPIPE,0.98,0.86,1.0,0.99
789,AUTOAXLES,0.96,0.79,0.75,0.86
790,REPCOHOME,0.97,0.92,0.96,0.97
791,POLYPLEX,0.96,0.84,1.0,0.97
792,SHK,0.97,0.93,0.98,0.97
793,SANGHIIND,0.98,1.0,0.84,0.92
794,SWARAJENG,0.95,0.81,0.97,0.96
795,TATVA,0.91,0.55,0.77,0.85
796,PARACABLES,0.92,0.9,0.87,0.91
797,MAHLOG,0.94,0.84,0.94,0.94
798,KCP,0.89,0.79,0.89,0.89
799,PARAS,0.86,0.66,0.84,0.85
800,GTLINFRA,0.95,0.9,0.94,0.94
801,SOTL,0.9,0.78,0.89,0.9
802,DIAMONDYD,0.95,0.82,0.98,0.96
803,DEN,0.95,0.81,0.95,0.95
804,SATIN,0.98,0.92,0.95,0.96
805,VSTTILLERS,0.98,0.95,0.95,0.97
806,TIDEWATER,0.94,0.88,0.96,0.95
807,SOMANYCERA,0.98,0.86,1.0,0.99
808,CARYSIL,0.88,0.65,0.69,0.81
809,EMSLIMITED,0.75,0.64,0.53,0.69
810,SHAKTIPUMP,0.91,0.84,0.98,0.92
811,CIGNITITEC,0.96,0.73,0.9,0.93
812,INDIAGLYCO,0.97,0.94,0.96,0.96
813,GANECOS,0.93,0.85,0.96,0.94
814,CUPID,0.94,0.91,0.9,0.93
815,HINDOILEXP,0.95,0.93,0.93,0.95
816,ANUP,0.94,0.87,0.97,0.95
817,DOLLAR,0.94,0.73,0.97,0.95
818,STYLAMIND,0.92,0.72,0.85,0.89
819,BFUTILITIE,0.96,0.9,0.95,0.95
820,RPGLIFE,0.96,0.9,0.95,0.95
821,QUICKHEAL,0.92,0.86,0.9,0.91
822,DREAMFOLKS,0.9,0.64,0.29,0.63
823,VAKRANGEE,0.94,0.85,0.95,0.94
824,CONFIPET,0.92,0.81,0.79,0.87
825,YATRA,0.63,0.08,0.13,0.43
826,JINDALPOLY,0.97,0.9,0.98,0.97
827,PSPPROJECT,0.98,0.87,0.95,0.97
828,STYRENIX,0.84,0.7,0.8,0.83
829,OPTIEMUS,0.79,0.63,0.8,0.8
830,VADILALIND,0.97,0.91,0.98,0.97
831,MPSLTD,0.95,0.93,0.75,0.87
832,SANGAMIND,0.94,0.85,0.95,0.94
833,HUHTAMAKI,0.88,0.72,0.78,0.85
834,FINOPB,0.84,0.68,0.75,0.81
835,WENDT,0.99,1.0,0.91,0.95
836,MOREPENLAB,0.92,0.83,0.99,0.94
837,AJMERA,0.95,0.84,1.0,0.96
838,TARSONS,0.89,0.66,0.74,0.83
839,ARVSMART,0.92,0.92,0.84,0.9
840,PRECWIRE,0.96,0.92,0.99,0.97
841,SIGACHI,0.86,0.73,0.69,0.8
842,EVEREADY,0.96,0.9,0.81,0.9
843,BEPL,0.97,0.93,0.97,0.97
844,DHANI,0.84,0.71,0.74,0.81
845,ALEMBICLTD,0.93,0.79,1.0,0.95
846,MANINDS,0.94,0.89,0.9,0.93
847,BARBEQUE,0.88,0.57,0.83,0.86
848,PCJEWELLER,0.99,0.98,0.99,0.99
849,DIVGIITTS,0.94,0.91,0.48,0.74
850,INDOSTAR,0.95,0.92,0.94,0.95
851,UNIPARTS,0.93,0.68,0.65,0.81
852,UGROCAP,0.9,0.6,0.67,0.8
853,APCOTEXIND,0.96,0.72,1.0,0.98
854,VENKEYS,0.98,0.89,1.0,0.99
855,MUKANDLTD,0.96,0.88,0.96,0.96
856,SASKEN,0.97,0.91,0.98,0.97
857,IOLCP,0.95,0.88,0.85,0.91
858,GREENPOWER,0.98,0.92,1.0,0.99
859,BSHSL,0.76,0.34,0.93,0.83
860,XPROINDIA,0.9,0.76,0.77,0.85
861,KINGFA,0.95,0.87,0.96,0.96
862,VPRPL,0.73,0.54,0.61,0.7
863,HLVLTD,0.97,0.96,0.91,0.95
864,THEJO,0.66,0.32,0.57,0.62
865,IRMENERGY,0.87,0.63,0.52,0.73
866,ARTEMISMED,0.94,0.9,0.85,0.91
867,GLOBUSSPR,0.96,0.86,0.98,0.97
868,SIYSIL,0.99,0.91,1.0,0.99
869,DPSCLTD,0.92,0.77,0.96,0.94
870,63MOONS,0.88,0.72,0.88,0.88
871,SUVEN,0.96,0.93,0.95,0.96
872,BHARATWIRE,0.95,0.88,0.88,0.93
873,FOSECOIND,0.93,0.8,0.94,0.93
874,MONARCH,0.87,0.75,0.9,0.88
875,TIRUMALCHM,0.93,0.82,0.93,0.93
876,IKIO,0.87,0.54,0.52,0.72
877,ARMANFIN,0.99,0.93,1.0,0.99
878,HONDAPOWER,0.97,0.91,0.96,0.97
879,GTPL,0.97,0.85,0.94,0.95
880,SMLISUZU,0.96,0.89,0.93,0.95
881,MAYURUNIQ,0.97,0.94,0.89,0.94
882,UDS,0.76,1.0,0.06,0.53
883,EIHAHOTELS,0.95,0.93,0.9,0.94
884,MMFL,0.97,0.98,0.89,0.94
885,CAPACITE,0.91,0.88,0.76,0.86
886,MANORAMA,0.86,0.78,0.86,0.86
887,BCLIND,0.88,0.74,0.78,0.85
888,KRSNAA,0.87,0.68,0.8,0.85
889,ORIENTHOT,0.94,0.84,0.98,0.95
890,RIIL,0.95,0.85,0.91,0.93
891,JAGRAN,0.95,0.82,0.98,0.96
892,HPL,0.91,0.82,0.96,0.92
893,LUMAXIND,0.94,0.76,0.91,0.93
894,TAJGVK,0.96,0.94,0.88,0.93
895,ATFL,0.94,0.9,0.82,0.9
896,SUBEXLTD,0.77,0.48,0.21,0.57
897,GOCLCORP,0.97,0.89,0.92,0.95
898,THEMISMED,0.87,0.71,0.92,0.88
899,DREDGECORP,0.92,0.82,1.0,0.93
900,IFGLEXPOR,0.8,0.49,0.61,0.73
901,GOLDIAM,0.96,0.91,0.99,0.97
902,RUPA,0.97,0.9,0.92,0.95
903,SHRIRAMPPS,0.88,0.74,0.74,0.83
904,MBAPL,0.42,0.23,0.83,0.57
905,PRECAM,0.98,0.92,1.0,0.99
906,SHAILY,0.84,0.79,0.82,0.83
907,ADFFOODS,0.99,0.96,0.98,0.98
908,TTKHLTCARE,0.99,0.93,0.96,0.98
909,ANDHRAPAP,0.96,0.85,0.91,0.94
910,HIL,0.98,0.85,0.96,0.97
911,EXPLEOSOL,0.96,0.7,1.0,0.98
912,MOL,0.79,0.53,0.75,0.77
913,SERVOTECH,0.81,0.84,0.58,0.76
914,VIDHIING,1.0,0.96,1.0,1.0
915,SESHAPAPER,0.97,0.86,0.93,0.95
916,HITECH,0.83,0.68,0.84,0.83
917,TCPLPACK,0.95,0.79,1.0,0.97
918,PITTIENG,0.94,0.84,0.98,0.95
919,GVKPIL,0.65,0.09,0.07,0.44
920,JINDRILL,0.96,0.84,0.9,0.93
921,JASH,0.48,0.29,0.45,0.47
922,CENTUM,0.97,0.9,0.98,0.97
923,RPSGVENT,0.85,0.71,0.71,0.8
924,FMGOETZE,0.96,0.86,0.95,0.96
925,RAMASTEEL,0.92,0.77,0.86,0.9
926,RAMCOIND,0.94,0.78,0.98,0.95
927,SDBL,0.95,0.84,0.9,0.93
928,NITINSPIN,0.95,0.84,0.95,0.95
929,SIRCA,0.48,0.2,0.69,0.56
930,PANAMAPET,0.95,0.91,0.87,0.92
931,GENESYS,0.9,0.8,0.97,0.92
932,BFINVEST,0.96,0.92,0.95,0.96
